{"playerData":{"playerStats":[100.0,1908.0,27.0],"playerPositionAndRotation":[349.608154296875,20.439558029174806,172.2005615234375,-0.032036878168582919,0.9675911068916321,-0.1629541963338852],"inventoryContent":["Chest2"],"quickSlotContent":["Sword"]},"enviromentData":{"pickedupItems":["Stick 1","Stick 4","Ruby","Stick 5","Stick 2","Stick 3","Stone 2","Stone 3","Stone 1","Ruby"]}}