{"playerData":{"playerStats":[100.0,1967.0,8.0],"playerPositionAndRotation":[361.1600341796875,17.81020164489746,150.9777374267578,0.0021307270508259537,0.987281322479248,-0.15841323137283326],"inventoryContent":["Chest2"],"quickSlotContent":[]},"enviromentData":{"pickedupItems":["Ruby_Model(Clone)","Stick 3"]}}