{"playerData":{"playerStats":[100.0,1999.0,96.0],"playerPositionAndRotation":[271.29998779296877,14.58971118927002,277.1000061035156,0.024330327287316324,-0.0249123964458704,0.0006064947228878737],"inventoryContent":[],"quickSlotContent":[]},"enviromentData":{"pickedupItems":[],"droppedItems":[],"storage":[],"campfire":[],"treeData":[{"name":"Tree_Parent","position":{"x":368.22052001953127,"y":18.652328491210939,"z":163.578369140625},"rotation":{"x":368.22052001953127,"y":18.652328491210939,"z":163.578369140625}},{"name":"Tree_Parent","position":{"x":373.2431640625,"y":17.295120239257814,"z":149.4932861328125},"rotation":{"x":373.2431640625,"y":17.295120239257814,"z":149.4932861328125}},{"name":"Tree_Parent","position":{"x":358.9703369140625,"y":17.3424072265625,"z":155.47552490234376},"rotation":{"x":358.9703369140625,"y":17.3424072265625,"z":155.47552490234376}},{"name":"Tree_Parent","position":{"x":390.3692626953125,"y":18.275115966796876,"z":142.36151123046876},"rotation":{"x":390.3692626953125,"y":18.275115966796876,"z":142.36151123046876}}],"droppeditemdata":[]}}