{"playerData":{"playerStats":[100.0,1854.0,23.0],"playerPositionAndRotation":[376.2617492675781,20.62924575805664,169.66018676757813,0.022158782929182054,-0.9692281484603882,0.2259974181652069],"inventoryContent":["Campfire","Raw Meat","Stick","Chest2","Axe","Campfire","Raw Meat","Stick","Chest2","Axe","Campfire","Raw Meat","Chest2"],"quickSlotContent":["Axe"]},"enviromentData":{"pickedupItems":["Log1 (1)","Log1","Log1 (1)","Log1"],"droppedItems":["Log","Stick"],"storage":[],"campfire":[],"treeData":[{"name":"Tree_Parent","position":{"x":358.9703369140625,"y":17.3424072265625,"z":155.47552490234376},"rotation":{"x":358.9703369140625,"y":17.3424072265625,"z":155.47552490234376}},{"name":"Stump","position":{"x":373.2431640625,"y":17.0985107421875,"z":149.4932861328125},"rotation":{"x":373.2431640625,"y":17.0985107421875,"z":149.4932861328125}},{"name":"Stump","position":{"x":368.22052001953127,"y":18.652328491210939,"z":163.578369140625},"rotation":{"x":368.22052001953127,"y":18.652328491210939,"z":163.578369140625}}],"droppeditemdata":[{"items":["Log","Stick"],"name":"Stick_Model(Clone)","position":{"x":376.5449523925781,"y":20.01031494140625,"z":166.04022216796876},"rotation":{"x":0.0,"y":0.0,"z":0.0}}]}}